Deg,"Num
Vectors",Mu,"Var
(Exp(X^2))",Sigma,"Norm.
var",Mu4,Mu4-3,Time
256,1000000,-0.000072392578125,4.0078655495808855,2.0019654216746314,1.0001602462808383,2.996793287597904,-0.0032067124020960236,148.535888326s
