Deg,"Num
Vectors",Mu,"Var
(Exp(X^2))",Sigma,"Norm.
var",Mu4,Mu4-3,Time
256,1000000,0.000060408203125,4.080226680077892,2.019957098573604,1.0000437941084968,3.000048850263025,0.000048850263024924345,125.496983593s
