Deg,"Num
Vectors",Mu,"Var
(Exp(X^2))",Sigma,"Norm.
var",Mu4,Mu4-3,Time
256,100000,-0.00029388671875,4.08105541682041,2.0201622253721134,4.080934938683766,49.9896445435103,46.9896445435103,12.954686883s
