Deg,"Num
Vectors",Mu,"Var
(Exp(X^2))",Sigma,"Norm.
var",Mu4,Mu4-3,Time
256,100000,0.0000922265625,4.08069583984375,2.020073226356844,0.9999026762951502,2.9992045776061285,-0.0007954223938715366,12.440333183s
